<?xml version="1.0" encoding="UTF-8" standalone="no"?>
<!-- Generated 6/04/2020 03:31:40 PM by Hibernate Tools 5.4.7.Final --><!DOCTYPE hibernate-mapping PUBLIC "-//Hibernate/Hibernate Mapping DTD 3.0//EN" "http://www.hibernate.org/dtd/hibernate-mapping-3.0.dtd">
<hibernate-mapping auto-import="true" default-access="property" default-cascade="none" default-lazy="true">
    <class dynamic-insert="false" dynamic-update="false" mutable="true" name="co.edu.campusucc.sd.modelos.Administrador" optimistic-lock="version" polymorphism="implicit" schema="public" select-before-update="false" table="administrador">
        <id name="idAdministrador" type="string">
            <column length="3" name="id_administrador"/>
            <generator class="assigned"/>
        </id>
        <property generated="never" lazy="false" name="nombreAdministrador" optimistic-lock="true" type="string" unique="false">
            <column length="50" name="nombre_administrador"/>
        </property>
        <set embed-xml="true" fetch="select" inverse="true" lazy="true" mutable="true" name="giros" optimistic-lock="true" sort="unsorted" table="giro">
            <key on-delete="noaction">
                <column length="3" name="id_administrador"/>
            </key>
            <one-to-many class="co.edu.campusucc.sd.modelos.Giro" embed-xml="true" not-found="exception"/>
        </set>
    </class>
</hibernate-mapping>
