<?xml version="1.0" encoding="UTF-8" standalone="no"?>
<!-- Generated 6/04/2020 03:31:40 PM by Hibernate Tools 5.4.7.Final --><!DOCTYPE hibernate-mapping PUBLIC "-//Hibernate/Hibernate Mapping DTD 3.0//EN" "http://www.hibernate.org/dtd/hibernate-mapping-3.0.dtd">
<hibernate-mapping auto-import="true" default-access="property" default-cascade="none" default-lazy="true">
    <class dynamic-insert="false" dynamic-update="false" mutable="true" name="co.edu.campusucc.sd.modelos.Banco" optimistic-lock="version" polymorphism="implicit" schema="public" select-before-update="false" table="banco">
        <id name="idBanco" type="string">
            <column length="20" name="id_banco"/>
            <generator class="assigned"/>
        </id>
        <many-to-one class="co.edu.campusucc.sd.modelos.Pais" embed-xml="true" fetch="select" insert="true" name="pais" not-found="exception" optimistic-lock="true" unique="false" update="true">
            <column length="50" name="id_pais"/>
        </many-to-one>
        <property generated="never" lazy="false" name="nombre" optimistic-lock="true" type="string" unique="false">
            <column length="50" name="nombre"/>
        </property>
        <property generated="never" lazy="false" name="sede" optimistic-lock="true" type="string" unique="false">
            <column length="50" name="sede"/>
        </property>
        <property generated="never" lazy="false" name="numeroCuenta" optimistic-lock="true" type="string" unique="false">
            <column length="50" name="numero_cuenta"/>
        </property>
        <property generated="never" lazy="false" name="idComision" optimistic-lock="true" type="string" unique="false">
            <column length="50" name="id_comision"/>
        </property>
        <set embed-xml="true" fetch="select" inverse="true" lazy="true" mutable="true" name="corresponsals" optimistic-lock="true" sort="unsorted" table="corresponsal">
            <key on-delete="noaction">
                <column length="20" name="id_banco"/>
            </key>
            <one-to-many class="co.edu.campusucc.sd.modelos.Corresponsal" embed-xml="true" not-found="exception"/>
        </set>
        <set embed-xml="true" fetch="select" inverse="true" lazy="true" mutable="true" name="referencias" optimistic-lock="true" sort="unsorted" table="referencia">
            <key on-delete="noaction">
                <column length="20" name="id_banco"/>
            </key>
            <one-to-many class="co.edu.campusucc.sd.modelos.Referencia" embed-xml="true" not-found="exception"/>
        </set>
        <set embed-xml="true" fetch="select" inverse="true" lazy="true" mutable="true" name="negociacions" optimistic-lock="true" sort="unsorted" table="negociacion">
            <key on-delete="noaction">
                <column length="20" name="id_banco"/>
            </key>
            <one-to-many class="co.edu.campusucc.sd.modelos.Negociacion" embed-xml="true" not-found="exception"/>
        </set>
    </class>
</hibernate-mapping>
