<?xml version="1.0" encoding="UTF-8" standalone="no"?>
<!-- Generated 6/04/2020 03:31:40 PM by Hibernate Tools 5.4.7.Final --><!DOCTYPE hibernate-mapping PUBLIC "-//Hibernate/Hibernate Mapping DTD 3.0//EN" "http://www.hibernate.org/dtd/hibernate-mapping-3.0.dtd">
<hibernate-mapping auto-import="true" default-access="property" default-cascade="none" default-lazy="true">
    <class dynamic-insert="false" dynamic-update="false" mutable="true" name="co.edu.campusucc.sd.modelos.DineroRecibido" optimistic-lock="version" polymorphism="implicit" schema="public" select-before-update="false" table="dinero_recibido">
        <id name="idDineroIngresado" type="string">
            <column length="50" name="id_dinero_ingresado"/>
            <generator class="assigned"/>
        </id>
        <many-to-one class="co.edu.campusucc.sd.modelos.Giro" embed-xml="true" fetch="select" insert="true" name="giro" not-found="exception" optimistic-lock="true" unique="false" update="true">
            <column length="3" name="id_giro"/>
        </many-to-one>
        <property generated="never" lazy="false" name="dineroCantidad" optimistic-lock="true" type="string" unique="false">
            <column length="50" name="dinero_cantidad" not-null="true"/>
        </property>
        <property generated="never" lazy="false" name="nacionalidad" optimistic-lock="true" type="string" unique="false">
            <column length="50" name="nacionalidad"/>
        </property>
    </class>
</hibernate-mapping>
