<?xml version="1.0" encoding="UTF-8" standalone="no"?>
<!-- Generated 6/04/2020 03:31:40 PM by Hibernate Tools 5.4.7.Final --><!DOCTYPE hibernate-mapping PUBLIC "-//Hibernate/Hibernate Mapping DTD 3.0//EN" "http://www.hibernate.org/dtd/hibernate-mapping-3.0.dtd">
<hibernate-mapping auto-import="true" default-access="property" default-cascade="none" default-lazy="true">
    <class dynamic-insert="false" dynamic-update="false" mutable="true" name="co.edu.campusucc.sd.modelos.Locutoria" optimistic-lock="version" polymorphism="implicit" schema="public" select-before-update="false" table="locutoria">
        <id name="idGiro" type="string">
            <column length="50" name="id_giro"/>
            <generator class="assigned"/>
        </id>
        <property generated="never" lazy="false" name="idGerente" optimistic-lock="true" type="string" unique="false">
            <column length="50" name="id_gerente"/>
        </property>
        <property generated="never" lazy="false" name="idEmpleado" optimistic-lock="true" type="string" unique="false">
            <column length="20" name="id_empleado"/>
        </property>
        <set embed-xml="true" fetch="select" inverse="true" lazy="true" mutable="true" name="gerentes" optimistic-lock="true" sort="unsorted" table="gerente">
            <key on-delete="noaction">
                <column length="50" name="id_giro"/>
            </key>
            <one-to-many class="co.edu.campusucc.sd.modelos.Gerente" embed-xml="true" not-found="exception"/>
        </set>
        <set embed-xml="true" fetch="select" inverse="true" lazy="true" mutable="true" name="empleados" optimistic-lock="true" sort="unsorted" table="empleado">
            <key on-delete="noaction">
                <column length="50" name="id_giro"/>
            </key>
            <one-to-many class="co.edu.campusucc.sd.modelos.Empleado" embed-xml="true" not-found="exception"/>
        </set>
    </class>
</hibernate-mapping>
