<?xml version="1.0" encoding="UTF-8" standalone="no"?>
<!-- Generated 6/04/2020 03:31:40 PM by Hibernate Tools 5.4.7.Final --><!DOCTYPE hibernate-mapping PUBLIC "-//Hibernate/Hibernate Mapping DTD 3.0//EN" "http://www.hibernate.org/dtd/hibernate-mapping-3.0.dtd">
<hibernate-mapping auto-import="true" default-access="property" default-cascade="none" default-lazy="true">
    <class dynamic-insert="false" dynamic-update="false" mutable="true" name="co.edu.campusucc.sd.modelos.Referencia" optimistic-lock="version" polymorphism="implicit" schema="public" select-before-update="false" table="referencia">
        <id name="idGiro" type="string">
            <column length="50" name="id_giro"/>
            <generator class="assigned"/>
        </id>
        <many-to-one class="co.edu.campusucc.sd.modelos.Banco" embed-xml="true" fetch="select" insert="true" name="banco" not-found="exception" optimistic-lock="true" unique="false" update="true">
            <column length="20" name="id_banco"/>
        </many-to-one>
        <property generated="never" lazy="false" name="documentoLegal" optimistic-lock="true" type="string" unique="false">
            <column length="50" name="documento_legal"/>
        </property>
        <property generated="never" lazy="false" name="receptor" optimistic-lock="true" type="string" unique="false">
            <column length="50" name="receptor"/>
        </property>
        <property generated="never" lazy="false" name="destinario" optimistic-lock="true" type="string" unique="false">
            <column length="50" name="destinario"/>
        </property>
    </class>
</hibernate-mapping>
