<?xml version="1.0" encoding="UTF-8" standalone="no"?>
<!-- Generated 6/04/2020 03:31:40 PM by Hibernate Tools 5.4.7.Final --><!DOCTYPE hibernate-mapping PUBLIC "-//Hibernate/Hibernate Mapping DTD 3.0//EN" "http://www.hibernate.org/dtd/hibernate-mapping-3.0.dtd">
<hibernate-mapping auto-import="true" default-access="property" default-cascade="none" default-lazy="true">
    <class dynamic-insert="false" dynamic-update="false" mutable="true" name="co.edu.campusucc.sd.modelos.TablaNegociacion" optimistic-lock="version" polymorphism="implicit" schema="public" select-before-update="false" table="tabla_negociacion">
        <composite-id class="co.edu.campusucc.sd.modelos.TablaNegociacionId" mapped="false" name="id" unsaved-value="undefined">
            <key-property name="origen" type="string">
                <column length="50" name="origen"/>
            </key-property>
            <key-property name="destino" type="string">
                <column length="50" name="destino"/>
            </key-property>
            <key-property name="vigenciaGiro" type="string">
                <column length="50" name="vigencia_giro"/>
            </key-property>
            <key-property name="flete" type="string">
                <column length="50" name="flete"/>
            </key-property>
            <key-property name="comicion" type="string">
                <column length="50" name="comicion"/>
            </key-property>
            <key-property name="idGiro" type="string">
                <column length="3" name="id_giro"/>
            </key-property>
        </composite-id>
        <many-to-one class="co.edu.campusucc.sd.modelos.Giro" embed-xml="true" fetch="select" insert="false" name="giro" not-found="exception" optimistic-lock="true" unique="false" update="false">
            <column length="3" name="id_giro"/>
        </many-to-one>
    </class>
</hibernate-mapping>
