<?xml version="1.0" encoding="UTF-8" standalone="no"?>
<!-- Generated 6/04/2020 03:31:40 PM by Hibernate Tools 5.4.7.Final --><!DOCTYPE hibernate-mapping PUBLIC "-//Hibernate/Hibernate Mapping DTD 3.0//EN" "http://www.hibernate.org/dtd/hibernate-mapping-3.0.dtd">
<hibernate-mapping auto-import="true" default-access="property" default-cascade="none" default-lazy="true">
    <class dynamic-insert="false" dynamic-update="false" mutable="true" name="co.edu.campusucc.sd.modelos.TasaDeGiro" optimistic-lock="version" polymorphism="implicit" schema="public" select-before-update="false" table="`tasa de giro`">
        <id name="idGiro" type="string">
            <column length="50" name="id_giro"/>
            <generator class="foreign">
                <param name="property">giro</param>
            </generator>
        </id>
        <one-to-one class="co.edu.campusucc.sd.modelos.Giro" constrained="true" embed-xml="true" name="giro"/>
        <property generated="never" lazy="false" name="porcentajeGiro" optimistic-lock="true" type="java.lang.Double" unique="false">
            <column name="porcentaje_giro" scale="0"/>
        </property>
    </class>
</hibernate-mapping>
