<?xml version="1.0" encoding="UTF-8" standalone="no"?>
<!-- Generated 6/04/2020 03:31:40 PM by Hibernate Tools 5.4.7.Final --><!DOCTYPE hibernate-mapping PUBLIC "-//Hibernate/Hibernate Mapping DTD 3.0//EN" "http://www.hibernate.org/dtd/hibernate-mapping-3.0.dtd">
<hibernate-mapping auto-import="true" default-access="property" default-cascade="none" default-lazy="true">
    <class dynamic-insert="false" dynamic-update="false" mutable="true" name="co.edu.campusucc.sd.modelos.TipoDocumento" optimistic-lock="version" polymorphism="implicit" schema="public" select-before-update="false" table="tipo_documento">
        <id name="idTipoDocumento" type="string">
            <column length="2" name="id_tipo_documento"/>
            <generator class="assigned"/>
        </id>
        <property generated="never" lazy="false" name="nombreDocumento" optimistic-lock="true" type="string" unique="false">
            <column length="20" name="nombre_documento"/>
        </property>
        <set embed-xml="true" fetch="select" inverse="true" lazy="true" mutable="true" name="clientes" optimistic-lock="true" sort="unsorted" table="cliente">
            <key on-delete="noaction">
                <column length="2" name="id_tipo_documento" not-null="true"/>
            </key>
            <one-to-many class="co.edu.campusucc.sd.modelos.Cliente" embed-xml="true" not-found="exception"/>
        </set>
    </class>
</hibernate-mapping>
